CountryCode;LocaleCode;Value
AD;cs;Andorra
AD;de;Andorra
AD;en;Andorra
AD;es;Andorra
AD;fr;Andorre
AD;pl;Andora
AD;sv;Andorra
AE;cs;Spojené arabské emiráty
AE;de;die Vereinigten Arabischen Emirate
AE;en;United Arab Emirates
AE;es;Emiratos Árabes Unidos
AE;fr;Émirats arabes unis 
AE;pl;Zjednoczone Emiraty Arabskie
AE;sv;Förenade Arabemiraten
AF;cs;Afghánistán
AF;de;Afghanistan
AF;en;Afghanistan
AF;es;Afganistán
AF;fr;Afghanistan
AF;pl;Afganistan
AF;sv;Afghanistan
AG;cs;Antigua a Barbuda
AG;de;Antigua und Barbuda
AG;en;Antigua and Barbuda
AG;es;Antigua y Barbuda
AG;fr;Antigua-et-Barbuda
AG;pl;Antigua i Barbuda
AG;sv;Antigua och Barbuda
AI;cs;Anguilla
AI;de;Anguilla
AI;en;Anguilla
AI;es;Anguila
AI;fr;Anguilla
AI;pl;Anguilla
AI;sv;Anguilla
AL;cs;Albánie
AL;de;Albanien
AL;en;Albania
AL;es;Albania
AL;fr;Albanie
AL;pl;Albania
AL;sv;Albanien
AM;cs;Arménie
AM;de;Armenien
AM;en;Armenia
AM;es;Armenia
AM;fr;Arménie
AM;pl;Armenia
AM;sv;Armenien
AO;cs;Angola
AO;de;Angola
AO;en;Angola
AO;es;Angola
AO;fr;Angola
AO;pl;Angola
AO;sv;Angola
AR;cs;Argentina
AR;de;Argentinien
AR;en;Argentina
AR;es;Argentina
AR;fr;Argentine
AR;pl;Argentyna
AR;sv;Argentina
AT;cs;Rakousko
AT;de;Österreich 
AT;en;Austria
AT;es;Austria
AT;fr;Autriche
AT;pl;Austria
AT;sv;Österrike
AU;cs;Austrálie
AU;de;Australien
AU;en;Australia
AU;es;Australia
AU;fr;Australie
AU;pl;Australia
AU;sv;Australien
AW;cs;Aruba
AW;de;Aruba
AW;en;Aruba
AW;es;Aruba
AW;fr;Aruba
AW;pl;Aruba
AW;sv;Aruba
AZ;cs;Ázerbájdžán
AZ;de;Aserbaidschan
AZ;en;Azerbaijan
AZ;es;Azerbaiyán
AZ;fr;Azerbaïdjan
AZ;pl;Azerbejdzan
AZ;sv;Azerbajdzjan
BA;cs;Bosna a Hercegovina
BA;de;Bosnien-Herzegowina
BA;en;Bosnia & Herzegowina
BA;es;Bosnia y Herzegovina
BA;fr;Bosnie-Herzégovine
BA;pl;Bosnia i Hercegowina
BA;sv;Bosnien och Hercegovina
BB;cs;Barbados
BB;de;Barbados
BB;en;Barbados
BB;es;Barbados
BB;fr;Barbade
BB;pl;Barbados
BB;sv;Barbados
BD;cs;Bangladéš
BD;de;Bangladesch
BD;en;Bangladesh
BD;es;Bangladés
BD;fr;Bangladesh
BD;pl;Bangladesz
BD;sv;Bangladesh
BE;cs;Belgie
BE;de;Belgien
BE;en;Belgium
BE;es;Bélgica
BE;fr;Belgique
BE;pl;Belgia
BE;sv;Belgien
BF;cs;Burkina Faso
BF;de;Burkina Faso
BF;en;Burkina Faso
BF;es;Burkina Faso
BF;fr;Burkina Faso
BF;pl;Burkina Faso
BF;sv;Burkina Faso
BG;cs;Bulharsko
BG;de;Bulgarien
BG;en;Bulgaria
BG;es;Bulgaria
BG;fr;Bulgarie
BG;pl;Bulgaria
BG;sv;Bulgarien
BH;cs;Bahrajn
BH;de;Bahrain
BH;en;Bahrain
BH;es;Bahréin
BH;fr;Bahreïn
BH;pl;Bahrajn
BH;sv;Bahrain
BI;cs;Burundi
BI;de;Burundi
BI;en;Burundi
BI;es;Burundi
BI;fr;Burundi
BI;pl;Burundi
BI;sv;Burundi
BJ;cs;Republika Benin
BJ;de;Republik Benin
BJ;en;Republic of Benin
BJ;es;República de Benín
BJ;fr;République du Bénin
BJ;pl;Benin
BJ;sv;Republiken Benin
BL;cs;Saint Barthélemy
BL;de;Saint Barthélemy
BL;en;St Barts
BL;es;Saint Barthélemy
BL;fr;Saint Barthélemy
BL;pl;Saint Barthélemy
BL;sv;Saint Barthélemy
BM;cs;Bermudy
BM;de;Bermuda
BM;en;Bermuda
BM;es;Bermudas
BM;fr;Bermudes
BM;pl;Bermudy
BM;sv;Bermuda
BN;cs;Brunej Darussalam
BN;de;Brunei Darussalam
BN;en;Brunei Darussalam
BN;es;Brunei Darussalam
BN;fr;Brunéi Darussalam
BN;pl;Brunei
BN;sv;Brunei Darussalam
BO;cs;Bolívie
BO;de;Bolivien
BO;en;Bolivia
BO;es;Bolivia
BO;fr;Bolivie
BO;pl;Boliwia
BO;sv;Bolivia
BR;cs;Brazílie
BR;de;Brazilien
BR;en;Brazil
BR;es;Brasil
BR;fr;Brésil
BR;pl;Brazylia
BR;sv;Brasilien
BS;cs;Bahamy
BS;de;Bahamas
BS;en;Bahamas
BS;es;Bahamas
BS;fr;Bahamas
BS;pl;Bahamy
BS;sv;Bahamas
BT;cs;Bhútán
BT;de;Bhutan
BT;en;Bhutan
BT;es;Bután
BT;fr;Bhoutan
BT;pl;Bhutan
BT;sv;Bhutan
BW;cs;Botswana
BW;de;Botswana
BW;en;Botswana
BW;es;Botsuana
BW;fr;Botswana
BW;pl;Botswana
BW;sv;Botswana
BY;cs;Belorusko
BY;de;Weissrussland
BY;en;Republic of Belarus
BY;es;República de Bielorrusia
BY;fr;République du Bélarus
BY;pl;Bialorus
BY;sv;Republiken Vitryssland
BZ;cs;Belize
BZ;de;Belize
BZ;en;Belize
BZ;es;Belice
BZ;fr;Bélize
BZ;pl;Belize
BZ;sv;Belize
CA;cs;Kanada
CA;de;Kanada
CA;en;Canada
CA;es;Canadá
CA;fr;Canada
CA;pl;Kanada
CA;sv;Kanada
CC;cs;Kokosové ostrovy
CC;de;Kokosinseln (Keelinginseln)
CC;en;Cocos Islands
CC;es;Islas Cocos
CC;fr;Îles Cocos 
CC;pl;Wyspy Kokosowe
CC;sv;Kokosöarna
CD;cs;Republika Kongo
CD;de;Republik Kongo
CD;en;The Republic of the Congo
CD;es;República del Congo
CD;fr;République du Congo
CD;pl;Kongo
CD;sv;Republiken Kongo
CF;cs;Stredoafrická republika
CF;de;Zentralafrikanische Republik
CF;en;Central African Republic
CF;es;República centroafricana
CF;fr;République centrafricaine
CF;pl;Republika Srodkowoafrykanska
CF;sv;Centralafrikanska Republiken
CH;cs;Švýcarsko
CH;de;Schweiz
CH;en;Switzerland
CH;es;Suiza
CH;fr;Suisse
CH;pl;Szwajcaria
CH;sv;Schweiz
CI;cs;Pobreží slonoviny
CI;de;Elfenbeinküste
CI;en;Ivory Coast
CI;es;Costa de Marfil
CI;fr;Côte d'Ivoire
CI;pl;Wybrzeze Kosci Sloniowej
CI;sv;Elfenbenskusten
CK;cs;Cookovy ostrovy
CK;de;die Cookinseln
CK;en;The Cook Islands
CK;es;Islas Cook
CK;fr;Les Îles Cook
CK;pl;Wyspy Cooka
CK;sv;Cooköarna
CL;cs;Chile
CL;de;Chile
CL;en;Chile
CL;es;Chile
CL;fr;Chili
CL;pl;Chile
CL;sv;Chile
CM;cs;Kamerun
CM;de;Kamerun
CM;en;Cameroon
CM;es;Camerún
CM;fr;Cameroun
CM;pl;Kamerun
CM;sv;Kamerun
CN;cs;Cína
CN;de;China
CN;en;China
CN;es;China
CN;fr;Chine
CN;pl;Chiny
CN;sv;Kina
CO;cs;Kolumbie
CO;de;Kolumbien
CO;en;Colombia
CO;es;Colombia
CO;fr;Colombie
CO;pl;Kolumbia
CO;sv;Colombia
CR;cs;Kostarika
CR;de;Costa Rica
CR;en;Costa Rica
CR;es;Costa Rica
CR;fr;Costa Rica
CR;pl;Kostaryka
CR;sv;Costa Rica
CU;cs;Kuba
CU;de;Kuba
CU;en;Cuba
CU;es;Cuba
CU;fr;Cuba
CU;pl;Kuba
CU;sv;Kuba
CV;cs;Kapverdy
CV;de;Kap Verde
CV;en;Cape Verde
CV;es;Cabo Verde
CV;fr;Cap Vert
CV;pl;Republika Zielonego Przyladka
CV;sv;Kap Verde
CW;cs;Curaçao
CW;de;Curacao
CW;en;Curaçao
CW;es;Curazao
CW;fr;Curaçao
CW;pl;Curaçao
CW;sv;Curaçao
CX;cs;Vánocní ostrov
CX;de;Weihnachtsinsel
CX;en;Christmas Island
CX;es;Isla Christmas
CX;fr;Îles Christmas 
CX;pl;Wyspa Bozego Narodzenia
CX;sv;Julön
CY;cs;Kypr
CY;de;Zypern
CY;en;Cyprus
CY;es;Chipre
CY;fr;Chypre
CY;pl;Cypr
CY;sv;Cypern
CZ;cs;Ceská republika
CZ;de;Tschechische Republik
CZ;en;Czech Republic
CZ;es;República Checa
CZ;fr;République tchèque
CZ;pl;Republika Czeska
CZ;sv;Republiken Tjeckien
DE;cs;Nemecko
DE;de;Deutschland
DE;en;Germany
DE;es;Alemania
DE;fr;Allemagne
DE;pl;Niemcy
DE;sv;Tyskland
DJ;cs;Džibuti
DJ;de;Dschibuti
DJ;en;Djibouti
DJ;es;Yibuti
DJ;fr;Djibouti
DJ;pl;Dzibuti
DJ;sv;Djibouti
DK;cs;Dánsko
DK;de;Dänemark
DK;en;Denmark
DK;es;Dinamarca
DK;fr;Danemark
DK;pl;Dania
DK;sv;Danmark
DM;cs;Dominika
DM;de;Dominica
DM;en;Dominica
DM;es;Dominica
DM;fr;Dominique
DM;pl;Dominika
DM;sv;Dominica
DO;cs;Dominikánská republika
DO;de;Dominikanische Republik
DO;en;Dominican Republic
DO;es;República Dominicana
DO;fr;République dominicaine
DO;pl;Dominikana
DO;sv;Dominikanska Republiken
DZ;cs;Alžír
DZ;de;Algerien
DZ;en;Algeria
DZ;es;Argelia
DZ;fr;Algérie
DZ;pl;Algieria
DZ;sv;Algeriet
EC;cs;Ekvádor
EC;de;Ecuador
EC;en;Ecuador
EC;es;Ecuador
EC;fr;Écuador
EC;pl;Ekwador
EC;sv;Ecuador
EE;cs;Estonsko
EE;de;Estland
EE;en;Estonia
EE;es;Estonia
EE;fr;Estonie
EE;pl;Estonia
EE;sv;Estland
EG;cs;Egypt
EG;de;Ägypten
EG;en;Egypt
EG;es;Egipto
EG;fr;Égypte
EG;pl;Egipt
EG;sv;Egypten
EH;cs;Západní Sahara
EH;de;Westliche Sahara
EH;en;Western Sahara
EH;es;Sahara Occidental
EH;fr;Sahara occidental
EH;pl;Sahara Zachodnia
EH;sv;Västsahara
ER;cs;Eritrea
ER;de;Eritrea
ER;en;Eritrea
ER;es;Eritrea
ER;fr;Érythrée
ER;pl;Erytrea
ER;sv;Eritrea
ES;cs;Španelsko
ES;de;Spanien
ES;en;Spain
ES;es;España
ES;fr;Espagne
ES;pl;Hiszpania
ES;sv;Spanien
ET;cs;Etiopie
ET;de;Äthiopien
ET;en;Ethiopia
ET;es;Etiopía
ET;fr;Éthiopie
ET;pl;Etiopia
ET;sv;Etiopien
FI;cs;Finsko
FI;de;Finnland
FI;en;Finland
FI;es;Finlandia
FI;fr;Finlande
FI;pl;Finlandia
FI;sv;Finland
FJ;cs;Ostrovy Fidži
FJ;de;Fidschi Inseln
FJ;en;Fiji Islands
FJ;es;Islas Fiji
FJ;fr;Îles Fidji 
FJ;pl;Fidzi
FJ;sv;Fijiöarna
FK;cs;Falklandy
FK;de;Falklandinseln
FK;en;Falkland Islands
FK;es;Islas Malvinas
FK;fr;Îles Falkland
FK;pl;Falklandy
FK;sv;Falklandsöarna
FM;cs;Mikronésie
FM;de;Mikronesien
FM;en;Micronesia
FM;es;Micronesia
FM;fr;Micronésie 
FM;pl;Mikronezja
FM;sv;Mikronesien
FO;cs;Faerské ostrovy
FO;de;Färöer Inseln
FO;en;Faroe Islands
FO;es;Islas Feroe
FO;fr;Îles Féroé
FO;pl;Wyspy Owcze
FO;sv;Färöarna
FR;cs;Francie
FR;de;Frankreich
FR;en;France
FR;es;Francia
FR;fr;France
FR;pl;Francja
FR;sv;Frankrike
GA;cs;Gabon
GA;de;Gabun
GA;en;Gabon
GA;es;Gabón
GA;fr;Gabon
GA;pl;Gabon
GA;sv;Gabon
GB;cs;Velká Británie
GB;de;Großbritannien
GB;en;United Kingdom
GB;es;Reino Unido
GB;fr;Royaume-Uni
GB;pl;Wielka Brytania
GB;sv;Storbritannien
GD;cs;Grenada
GD;de;Grenada
GD;en;Grenada
GD;es;Granada
GD;fr;Grenade
GD;pl;Grenada
GD;sv;Grenada
GE;cs;Gruzie
GE;de;Georgien
GE;en;Georgia
GE;es;Georgia
GE;fr;Géorgie 
GE;pl;Gruzja
GE;sv;Georgien
GF;cs;Francouzská Guyana
GF;de;Französisch-Guayana
GF;en;French Guiana
GF;es;Guayana Francesa
GF;fr;Guyane française
GF;pl;Gujana Francuska
GF;sv;Franska Guyana
GG;cs;Guernsey
GG;de;Guernsey
GG;en;Guernsey
GG;es;Guernsey
GG;fr;Guernsey
GG;pl;Guernsey
GG;sv;Guernsey
GH;cs;Ghana
GH;de;Ghana
GH;en;Ghana
GH;es;Ghana
GH;fr;Ghana
GH;pl;Ghana
GH;sv;Ghana
GI;cs;Gibraltar
GI;de;Gibraltar
GI;en;Gibraltar
GI;es;Gibraltar
GI;fr;Gibraltar
GI;pl;Gibraltar
GI;sv;Gibraltar
GL;cs;Grónsko
GL;de;Grönland
GL;en;Greenland
GL;es;Groenlandia
GL;fr;Groenland 
GL;pl;Grenlandia
GL;sv;Grönland
GM;cs;Gambie
GM;de;Gambia
GM;en;Gambia
GM;es;Gambia
GM;fr;Gambie
GM;pl;Gambia
GM;sv;Gambia
GN;cs;Guinea
GN;de;Guinea
GN;en;Guinea
GN;es;Guinea
GN;fr;Guinée
GN;pl;Gwinea
GN;sv;Guinea
GP;cs;Guadeloupe
GP;de;Guadalupe
GP;en;Guadeloupe
GP;es;Guadalupe
GP;fr;Guadeloupe
GP;pl;Gwadelupa
GP;sv;Guadeloupe
GQ;cs;Rovníková Guinea
GQ;de;Äquatorialguinea
GQ;en;Equatorial Guinea
GQ;es;Guinea Ecuatorial
GQ;fr;Guinée équatoriale
GQ;pl;Gwinea Równikowa
GQ;sv;Ekvatorialguinea
GR;cs;Recko
GR;de;Griechenland
GR;en;Greece
GR;es;Grecia
GR;fr;Grèce
GR;pl;Grecja
GR;sv;Grekland
GT;cs;Guatemala
GT;de;Guatemala
GT;en;Guatemala
GT;es;Guatemala
GT;fr;Guatemala
GT;pl;Gwatemala
GT;sv;Guatemala
GU;cs;Guam
GU;de;Guam
GU;en;Guam
GU;es;Guam
GU;fr;Guam
GU;pl;Guam
GU;sv;Guam
GW;cs;Guinea-Bissau
GW;de;Guinea-Bissau
GW;en;Guinea-Bissau
GW;es;Guinea-Bisáu
GW;fr;Guinée-Bissau
GW;pl;Gwinea Bissau
GW;sv;Guinea-Bissau
GY;cs;Guyana
GY;de;Guyana
GY;en;Guyana
GY;es;Guyana
GY;fr;Guyane
GY;pl;Gujana
GY;sv;Guyana
HK;cs;Hong Kong
HK;de;Hongkong
HK;en;Hong Kong
HK;es;Hong Kong
HK;fr;Hong Kong
HK;pl;Hongkong
HK;sv;Hong Kong
HN;cs;Honduras
HN;de;Honduras
HN;en;Honduras
HN;es;Honduras
HN;fr;Honduras
HN;pl;Honduras
HN;sv;Honduras
HR;cs;Chorvatsko
HR;de;Kroatien
HR;en;Croatia
HR;es;Croacia
HR;fr;Croatie
HR;pl;Chorwacja
HR;sv;Kroatien
HT;cs;Haiti
HT;de;Haiti
HT;en;Haiti
HT;es;Haití
HT;fr;Haïti
HT;pl;Haiti
HT;sv;Haiti
HU;cs;Madarsko
HU;de;Ungarn
HU;en;Hungary
HU;es;Hungría
HU;fr;Hongrie
HU;pl;Wegry
HU;sv;Ungern
ID;cs;Indonésie
ID;de;Indonesien
ID;en;Indonesia
ID;es;Indonesia
ID;fr;Indonésie
ID;pl;Indonezja
ID;sv;Indonesien
IE;cs;Irsko
IE;de;Irland
IE;en;Ireland
IE;es;Irlanda
IE;fr;Irlande
IE;pl;Irlandia
IE;sv;Irland
IL;cs;Izrael
IL;de;Israel
IL;en;Israel
IL;es;Israel
IL;fr;Israël 
IL;pl;Izrael
IL;sv;Israel
IM;cs;Isle of Man
IM;de;Isle Of Man
IM;en;Isle of Man
IM;es;Isla de Man
IM;fr;Île de Man
IM;pl;Wyspa Man
IM;sv;Isle of Man
IN;cs;Indie
IN;de;Indien
IN;en;India
IN;es;India
IN;fr;Inde
IN;pl;Indie
IN;sv;Indien
IQ;cs;Irák
IQ;de;Iraq
IQ;en;Iraq
IQ;es;Iraq
IQ;fr;Irak
IQ;pl;Irak
IQ;sv;Irak
IR;cs;Írán, Islámská republika
IR;de;Islamische Republik Iran
IR;en;Iran, Islamic Republic of
IR;es;Irán, República Islámica de
IR;fr;Iran, République islamique de
IR;pl;Iran
IR;sv;Islamiska republiken iran
IS;cs;Island
IS;de;Island
IS;en;Iceland
IS;es;Islandia
IS;fr;Islande
IS;pl;Islandia
IS;sv;Island
IT;cs;Itálie
IT;de;Italien
IT;en;Italy
IT;es;Italia
IT;fr;Italie
IT;pl;Wlochy
IT;sv;Italien
JE;cs;Jersey
JE;de;Jersey
JE;en;Jersey
JE;es;Jersey
JE;fr;Jersey
JE;pl;Jersey
JE;sv;Jersey
JM;cs;Jamajka
JM;de;Jamaika
JM;en;Jamaica
JM;es;Jamaica
JM;fr;Jamaïque 
JM;pl;Jamajka
JM;sv;Jamaica
JO;cs;Jordánsko
JO;de;Jordanien
JO;en;Jordan
JO;es;Jordania
JO;fr;Jordanie
JO;pl;Jordania
JO;sv;Jordanien
JP;cs;Japonsko
JP;de;Japan
JP;en;Japan
JP;es;Japón
JP;fr;Japon
JP;pl;Japonia
JP;sv;Japan
KE;cs;Kena
KE;de;Kenia
KE;en;Kenya
KE;es;Kenia
KE;fr;Kenya
KE;pl;Kenia
KE;sv;Kenya
KG;cs;Kyrgyzstán
KG;de;Kirgisische Republik
KG;en;Kyrgyz Republic
KG;es;Kirguistán
KG;fr;République kirghize
KG;pl;Kirgistan
KG;sv;Republiken Kirgizistan
KH;cs;Kambodža
KH;de;Kambodscha
KH;en;Cambodia
KH;es;Camboya
KH;fr;Cambodge
KH;pl;Kambodża
KH;sv;Kambodja
KI;cs;Kiribati
KI;de;Kiribati
KI;en;Kiribati
KI;es;Kiribati
KI;fr;Kiribati
KI;pl;Kiribati
KI;sv;Kiribati
KM;cs;Komory
KM;de;Komoren
KM;en;Comoros
KM;es;Comoras
KM;fr;Comores
KM;pl;Komory
KM;sv;Komorerna
KN;cs;Saint Kitts and Nevis
KN;de;St. Kitt und Nevis
KN;en;Saint Kitts and Nevis
KN;es;San Cristóbal y Nieves
KN;fr;Saint-Kitts-et-Nevis
KN;pl;Saint Kitts i Nevis
KN;sv;Saint Kitts och Nevis
KP;cs;Korea (Severní)
KP;de;Nordkorea
KP;en;Korea (North)
KP;es;Corea (Norte)
KP;fr;Corée du Nord 
KP;pl;Korea (Pólnocna)
KP;sv;Nordkorea
KR;cs;Korea (Jižní)
KR;de;Südkorea
KR;en;Korea (South)
KR;es;Corea (Sur)
KR;fr;Corée du Sud 
KR;pl;Korea (Poludniowa)
KR;sv;Sydkorea
KW;cs;Kuvajt
KW;de;Kuwait
KW;en;Kuwait
KW;es;Kuwait
KW;fr;Koweït
KW;pl;Kuwejt
KW;sv;Kuwait
KY;cs;Kajmanské ostrovy
KY;de;Kaimaninseln
KY;en;Cayman Islands
KY;es;Islas Caimán
KY;fr;Îles Caïmans
KY;pl;Kajmany
KY;sv;Caymanöarna
KZ;cs;Kazachstán
KZ;de;Kasachstan
KZ;en;Kazakhstan
KZ;es;Kazajistán
KZ;fr;Kazakhstan
KZ;pl;Kazachstan
KZ;sv;Kazakstan
LA;cs;Laos
LA;de;Laos
LA;en;Laos
LA;es;Laos
LA;fr;Laos
LA;pl;Laos
LA;sv;Laos
LB;cs;Libanon
LB;de;Libanon
LB;en;Lebanon
LB;es;Líbano
LB;fr;Liban
LB;pl;Liban
LB;sv;Libanon
LC;cs;Saint Lucia
LC;de;St. Lucia
LC;en;Saint Lucia
LC;es;Santa Lucía
LC;fr;Sainte-Lucie
LC;pl;Saint Lucia
LC;sv;Saint Lucia
LI;cs;Lichtenštejnsko
LI;de;Lichtenstein
LI;en;Liechtenstein
LI;es;Liechtenstein
LI;fr;Liechtenstein
LI;pl;Liechtenstein
LI;sv;Liechtenstein
LK;cs;Srí Lanka
LK;de;Sri Lanka
LK;en;Sri Lanka
LK;es;Sri Lanka
LK;fr;Sri Lanka
LK;pl;Sri Lanka
LK;sv;Sri Lanka
LR;cs;Libérie
LR;de;Liberia
LR;en;Liberia
LR;es;Liberia
LR;fr;Libéria
LR;pl;Liberia
LR;sv;Liberia
LS;cs;Lesotho
LS;de;Lesotho
LS;en;Lesotho
LS;es;Lesoto
LS;fr;Lesotho
LS;pl;Lesotho
LS;sv;Lesotho
LT;cs;Litva
LT;de;Litauen
LT;en;Lithuania
LT;es;Lituania
LT;fr;Lithuanie
LT;pl;Litwa
LT;sv;Litauen
LU;cs;Lucembursko
LU;de;Luxemburg
LU;en;Luxembourg
LU;es;Luxemburgo
LU;fr;Luxembourg
LU;pl;Luksemburg
LU;sv;Luxemburg
LV;cs;Lotyšsko
LV;de;Lettland
LV;en;Latvia
LV;es;Letonia
LV;fr;Lettonie
LV;pl;Lotwa
LV;sv;Lettland
LY;cs;Velká libyjská arabská lidová republika
LY;de;Lybisch-Arabische Dschamahirjia
LY;en;Libyan Arab Jamahiriya
LY;es;Libia
LY;fr;Jamahiriya arabe libyenne
LY;pl;Libia
LY;sv;Libyen
MA;cs;Maroko
MA;de;Marokko
MA;en;Morocco
MA;es;Marruecos
MA;fr;Maroc 
MA;pl;Maroko
MA;sv;Marocko
MC;cs;Monako
MC;de;Monaco
MC;en;Monaco
MC;es;Mónaco
MC;fr;Monaco
MC;pl;Monako
MC;sv;Monaco
MD;cs;Moldavsko
MD;de;Moldawien/ Republik Moldau
MD;en;Moldova, Republic of
MD;es;Moldavia, República de
MD;fr;Moldavie, République de
MD;pl;Moldawia
MD;sv;Moldavien
ME;cs;Cerná Hora
ME;de;Montenegro
ME;en;Montenegro
ME;es;Montenegro
ME;fr;Monténégro 
ME;pl;Czarnogóra
ME;sv;Montenegro
MG;cs;Madagaskar
MG;de;Madagaskar
MG;en;Madagascar
MG;es;Madagascar
MG;fr;Madagascar
MG;pl;Madagaskar
MG;sv;Madagaskar
MH;cs;Marshallovy ostrovy
MH;de;Marshallinseln
MH;en;Marshall Islands
MH;es;Islas Marshall
MH;fr;Îles Marshall
MH;pl;Wyspy Marshalla
MH;sv;Marshallöarna
MK;cs;Makedonie
MK;de;Mazedonien
MK;en;Macedonia
MK;es;Macedonia
MK;fr;Macédoine 
MK;pl;Macedonia
MK;sv;Makedonien
ML;cs;Mali
ML;de;Mali
ML;en;Mali
ML;es;Mali
ML;fr;Mali
ML;pl;Mali
ML;sv;Mali
MM;cs;Burma
MM;de;Burma
MM;en;Myanmar
MM;es;Birmania
MM;fr;Birmanie
MM;pl;Birma
MM;sv;Burma
MN;cs;Mongolsko
MN;de;Mongolei
MN;en;Mongolia
MN;es;Mongolia
MN;fr;Mongolie
MN;pl;Mongolia
MN;sv;Mongoliet
MO;cs;Macao
MO;de;Macao
MO;en;Macao
MO;es;Macao
MO;fr;Macao
MO;pl;Makau
MO;sv;Macao
MQ;cs;Martinique
MQ;de;Martinique
MQ;en;Martinique
MQ;es;Martinica
MQ;fr;Martinique
MQ;pl;Martynika
MQ;sv;Martinique
MR;cs;Mauritánie
MR;de;Mauretanien
MR;en;Mauritania
MR;es;Mauritania
MR;fr;Mauritanie
MR;pl;Mauretania
MR;sv;Mauretanien
MT;cs;Malta
MT;de;Malta
MT;en;Malta
MT;es;Malta
MT;fr;Malte
MT;pl;Malta
MT;sv;Malta
MU;cs;Mauricius
MU;de;Mauritius
MU;en;Mauritius
MU;es;Mauricio
MU;fr;Maurice 
MU;pl;Mauritius
MU;sv;Mauritius
MV;cs;Maledivy
MV;de;Malediven
MV;en;Maldives
MV;es;Maldivas
MV;fr;Maldives
MV;pl;Malediwy
MV;sv;Maldiverna
MW;cs;Malawi
MW;de;Malawi
MW;en;Malawi
MW;es;Malaui
MW;fr;Malawi
MW;pl;Malawi
MW;sv;Malawi
MX;cs;Mexiko
MX;de;Mexiko
MX;en;Mexico
MX;es;México
MX;fr;Mexique 
MX;pl;Meksyk
MX;sv;Mexiko
MY;cs;Malajsie
MY;de;Malaysia
MY;en;Malaysia
MY;es;Malasia
MY;fr;Malaisie
MY;pl;Malezja
MY;sv;Malaysia
MZ;cs;Mozambik
MZ;de;Mosambik
MZ;en;Mozambique
MZ;es;Mozambique
MZ;fr;Mozambique
MZ;pl;Mozambik
MZ;sv;Moçambique
NA;cs;Namibie
NA;de;Nambibia
NA;en;Namibia
NA;es;Namibia
NA;fr;Namibie
NA;pl;Namibia
NA;sv;Namibia
NC;cs;Nová Kaledonie
NC;de;Neukaledonien
NC;en;New Caledonia
NC;es;Nueva Caledonia
NC;fr;Nouvelle-Calédonie
NC;pl;Nowa Kaledonia
NC;sv;Nya Kaledonien
NE;cs;Niger
NE;de;Niger
NE;en;Niger
NE;es;Níger
NE;fr;Niger
NE;pl;Niger
NE;sv;Niger
NG;cs;Nigérie
NG;de;Nigeria
NG;en;Nigeria
NG;es;Nigeria
NG;fr;Nigéria
NG;pl;Nigeria
NG;sv;Nigeria
NI;cs;Nikaragua
NI;de;Nicaragua
NI;en;Nicaragua
NI;es;Nicaragua
NI;fr;Nicaragua
NI;pl;Nikaragua
NI;sv;Nicaragua
NL;cs;Nizozemí
NL;de;Niederlande
NL;en;Netherlands
NL;es;Países Bajos
NL;fr;Pays-Bas
NL;pl;Holandia
NL;sv;Nederländerna
NO;cs;Norsko
NO;de;Norwegen
NO;en;Norway
NO;es;Noruega
NO;fr;Norvège 
NO;pl;Norwegia
NO;sv;Norge
NP;cs;Nepál
NP;de;Nepal
NP;en;Nepal
NP;es;Nepal
NP;fr;Népal 
NP;pl;Nepal
NP;sv;Nepal
NR;cs;Nauru
NR;de;Nauru
NR;en;Nauru
NR;es;Nauru
NR;fr;Nauru
NR;pl;Nauru
NR;sv;Nauru
NU;cs;Niue
NU;de;Niue
NU;en;Niue
NU;es;Niue
NU;fr;Nioué 
NU;pl;Niue
NU;sv;Niue
NZ;cs;Nový Zéland
NZ;de;Neuseeland
NZ;en;New Zealand
NZ;es;Nueva Zelanda
NZ;fr;Nouvelle-Zélande 
NZ;pl;Nowa Zelandia
NZ;sv;Nya Zeeland
OM;cs;Omán
OM;de;Oman
OM;en;Oman
OM;es;Omán
OM;fr;Oman
OM;pl;Oman
OM;sv;Oman
PA;cs;Panama
PA;de;Panama
PA;en;Panama
PA;es;Panamá
PA;fr;Panama
PA;pl;Panama
PA;sv;Panama
PE;cs;Peru
PE;de;Peru
PE;en;Peru
PE;es;Perú
PE;fr;Pérou
PE;pl;Peru
PE;sv;Peru
PF;cs;Francouzská Polynésie
PF;de;Französisch-Polynesien
PF;en;French Polynesia
PF;es;Polinesia Francesa
PF;fr;Polynésie française
PF;pl;Polinezja Francuska
PF;sv;Franska Polynesien
PG;cs;Papua Nová Guinea
PG;de;Papua-Neuguinea
PG;en;Papua New Guinea
PG;es;Papúa Nueva Guinea
PG;fr;Papouasie-Nouvelle-Guinée
PG;pl;Papua Nowa Gwinea
PG;sv;Papua Nya Guinea
PH;cs;Filipíny
PH;de;Philippinen
PH;en;Philippines
PH;es;Filipinas
PH;fr;Philippines
PH;pl;Filipiny
PH;sv;Filippinerna
PK;cs;Pákistán
PK;de;Pakistan
PK;en;Pakistan
PK;es;Pakistán
PK;fr;Pakistan
PK;pl;Pakistan
PK;sv;Pakistan
PL;cs;Polsko
PL;de;Polen
PL;en;Poland
PL;es;Polonia
PL;fr;Polande
PL;pl;Polska
PL;sv;Polen
PR;cs;Portoriko
PR;de;Puerto Rico
PR;en;Puerto Rico
PR;es;Puerto Rico
PR;fr;Porto Rico
PR;pl;Portoryko
PR;sv;Puerto Rico
PS;cs;Palestina
PS;de;Palästina
PS;en;Palestine
PS;es;Palestina
PS;fr;Palestine
PS;pl;Palestyna
PS;sv;Palestina
PT;cs;Portugalsko
PT;de;Portugal
PT;en;Portugal
PT;es;Portugal
PT;fr;Portugal
PT;pl;Portugalia
PT;sv;Portugal
PW;cs;Palau
PW;de;Palau
PW;en;Palau
PW;es;Palaos
PW;fr;Palaos 
PW;pl;Palau
PW;sv;Palau
PY;cs;Paraguay
PY;de;Paraquay
PY;en;Paraguay
PY;es;Paraguay
PY;fr;Paraguay
PY;pl;Paragwaj
PY;sv;Paraguay
QA;cs;Katar
QA;de;Qatar
QA;en;Qatar
QA;es;Qatar
QA;fr;Qatar
QA;pl;Katar
QA;sv;Qatar
RE;cs;Réunion
RE;de;Réunion
RE;en;Réunion
RE;es;Reunión
RE;fr;Réunion
RE;pl;Réunion
RE;sv;Réunion
RO;cs;Rumunsko
RO;de;Rumänien
RO;en;Romania
RO;es;Rumanía
RO;fr;Roumanie 
RO;pl;Rumunia
RO;sv;Rumänien
RS;cs;Srbsko
RS;de;Serbien
RS;en;Serbia
RS;es;Serbia
RS;fr;Serbie
RS;pl;Serbia
RS;sv;Serbien
RU;cs;Ruská federace
RU;de;Russische Föderation (Russland)
RU;en;Russian Federation
RU;es;Federación de Rusia
RU;fr;Fédération de Russie
RU;pl;Rosja
RU;sv;Ryssland
RW;cs;Rwanda
RW;de;Ruanda
RW;en;Rwanda
RW;es;Ruanda
RW;fr;Rwanda
RW;pl;Rwanda
RW;sv;Rwanda
SA;cs;Saúdská Arábie
SA;de;Saudi-Arabien
SA;en;Saudi Arabia
SA;es;Arabia Saudí
SA;fr;Arabie saoudite
SA;pl;Arabia Saudyjska
SA;sv;Saudiarabien
SB;cs;Šalamounovy ostrovy
SB;de;Salomon-Inseln
SB;en;Islas Salomón
SB;es;Islas Salomón
SB;fr;Îles Salomon
SB;pl;Wyspy Salomona
SB;sv;Salomonöarna
SC;cs;Seychely
SC;de;Seychellen
SC;en;Seychelles
SC;es;Seychelles
SC;fr;Seychelles
SC;pl;Seszele
SC;sv;Seychellerna
SD;cs;Súdán
SD;de;Sudan
SD;en;Sudan
SD;es;Sudán
SD;fr;Soudan
SD;pl;Sudan
SD;sv;Sudan
SE;cs;Švédsko
SE;de;Schweden
SE;en;Sweden
SE;es;Suecia
SE;fr;Suède
SE;pl;Szwecja
SE;sv;Sverige
SG;cs;Singapur
SG;de;Singapur
SG;en;Singapore
SG;es;Singapur
SG;fr;Singapour
SG;pl;Singapur
SG;sv;Singapore
SH;cs;Sv. Helena
SH;de;St. Helena
SH;en;St Helena
SH;es;Santa Elena
SH;fr;Sainte-Hélène
SH;pl;Wyspa Swietej Heleny
SH;sv;Sankta Helena
SI;cs;Slovinsko
SI;de;Slowenien
SI;en;Slovenia
SI;es;Eslovenia
SI;fr;Slovénie
SI;pl;Slowenia
SI;sv;Slovenien
SK;cs;Slovensko
SK;de;Slowakei
SK;en;Slovakia
SK;es;Eslovaquia
SK;fr;Slovaquie 
SK;pl;Slowacja
SK;sv;Slovakien
SL;cs;Sierra Leone
SL;de;Sierra Leone
SL;en;Sierra Leone
SL;es;Sierra Leona
SL;fr;Sierra Leone
SL;pl;Sierra Leone
SL;sv;Sierra Leone
SM;cs;San Marino
SM;de;San Marino
SM;en;San Marino
SM;es;San Marino
SM;fr;Saint-Marin
SM;pl;San Marino
SM;sv;San Marino
SN;cs;Senegal
SN;de;Senegal
SN;en;Senegal
SN;es;Senegal
SN;fr;Sénégal
SN;pl;Senegal
SN;sv;Senegal
SO;cs;Somálsko
SO;de;Somalia
SO;en;Somalia
SO;es;Somalia
SO;fr;Somalie
SO;pl;Somalia
SO;sv;Somalia
SR;cs;Surinam
SR;de;Surinam
SR;en;Suriname
SR;es;Surinam
SR;fr;Suriname
SR;pl;Surinam
SR;sv;Surinam
ST;cs;São Tomé
ST;de;São Tomé
ST;en;São Tomé
ST;es;Santo Tomé
ST;fr;São Tomé
ST;pl;Wyspa Swietego Tomasza
ST;sv;São Tomé
SV;cs;El Salvador
SV;de;El Salvador
SV;en;El Salvador
SV;es;El Salvador
SV;fr;El Salvador
SV;pl;Salwador
SV;sv;El Salvador
SX;cs;Saint Martin
SX;de;St. Martin
SX;en;Saint Martin
SX;es;San Martín
SX;fr;Saint-Martin
SX;pl;Saint-Martin
SX;sv;Saint Martin
SY;cs;Syrská arabská republika
SY;de;Syrische Arabische Republik (Syrien)
SY;en;Syrian Arab Republic
SY;es;República Árabe de Siria
SY;fr;République arabe syrienne
SY;pl;Syria
SY;sv;Syrien
SZ;cs;Svazijsko
SZ;de;Swasiland
SZ;en;Swaziland
SZ;es;Suazilandia
SZ;fr;Swaziland
SZ;pl;Suazi
SZ;sv;Swaziland
TC;cs;Turkovy a Caicosovy ostrovy
TC;de;Turks- und Caicosinseln
TC;en;Turks and Caicos Islands
TC;es;Islas Turcas y Caicos
TC;fr;Îles Turques-et-Caïques
TC;pl;Turks i Caicos
TC;sv;Turks- och Caicosöarna
TD;cs;Cad
TD;de;Tschad
TD;en;Chad
TD;es;Chad
TD;fr;Tchad
TD;pl;Czad
TD;sv;Tchad
TG;cs;Togo
TG;de;Togo
TG;en;Togo
TG;es;Togo
TG;fr;Togo
TG;pl;Togo
TG;sv;Togo
TH;cs;Thajsko
TH;de;Thailand
TH;en;Thailand
TH;es;Tailandia
TH;fr;Thaïlande 
TH;pl;Tajlandia
TH;sv;Thailand
TJ;cs;Tádžikistán
TJ;de;Tadschikistan
TJ;en;Tajikistan
TJ;es;Tayikistán
TJ;fr;Tadjikistan 
TJ;pl;Tadzykistan
TJ;sv;Tadzjikistan
TK;cs;Tokelau
TK;de;Tokelau
TK;en;Tokelau
TK;es;Tokelau
TK;fr;Tokélaou 
TK;pl;Tokelau
TK;sv;Tokelauöarna
TL;cs;Východní Timor
TL;de;Osttimor
TL;en;East Timor
TL;es;Timor Oriental
TL;fr;Timor oriental
TL;pl;Timor Wschodni
TL;sv;Östtimor
TM;cs;Turkmenistán
TM;de;Turkmenistan
TM;en;Turkmenistan
TM;es;Turkmenistán
TM;fr;Turkménistan
TM;pl;Turkmenistan
TM;sv;Turkmenistan
TN;cs;Tunisko
TN;de;Tunesien
TN;en;Tunisia
TN;es;Túnez
TN;fr;Tunisie
TN;pl;Tunezja
TN;sv;Tunisien
TO;cs;Tonga
TO;de;Tonga
TO;en;Tonga
TO;es;Tonga
TO;fr;Tonga
TO;pl;Tonga
TO;sv;Tonga
TR;cs;Turecko
TR;de;Türkey
TR;en;Turkey
TR;es;Turquía
TR;fr;Turquie
TR;pl;Turcja
TR;sv;Turkiet
TT;cs;Trinidad a Tobago
TT;de;Trinidad und Tobago
TT;en;Trinidad and Tobago
TT;es;Trinidad y Tobago
TT;fr;Trinité-et-Tobago 
TT;pl;Trynidad i Tobago
TT;sv;Trinidad och Tobago
TV;cs;Tuvalu
TV;de;Tuvalu
TV;en;Tuvalu
TV;es;Tuvalu
TV;fr;Tuvalu
TV;pl;Tuvalu
TV;sv;Tuvalu
TW;cs;Tchaj-wan
TW;de;Taiwan
TW;en;Taiwan
TW;es;Taiwán
TW;fr;Taïwan 
TW;pl;Tajwan
TW;sv;Taiwan
TZ;cs;Tanzanie
TZ;de;Tansania
TZ;en;Tanzania
TZ;es;Tanzania
TZ;fr;Tanzanie
TZ;pl;Tanzania
TZ;sv;Tanzania
UA;cs;Ukrajina
UA;de;Ukraine
UA;en;Ukraine
UA;es;Ucrania
UA;fr;Ukraine
UA;pl;Ukraina
UA;sv;Ukraina
UG;cs;Uganda
UG;de;Uganda
UG;en;Uganda
UG;es;Uganda
UG;fr;Ouganda
UG;pl;Uganda
UG;sv;Uganda
US;cs;Spojené státy americké
US;de;USA -Vereinigte Staaten von Amerika
US;en;United States of America
US;es;Estados Unidos de América
US;fr;États-Unis d'Amérique
US;pl;Stany Zjednoczone Ameryki
US;sv;Amerikas förenta stater
UY;cs;Uruguay
UY;de;Uruguay
UY;en;Uruguay
UY;es;Uruguay
UY;fr;Uruguay
UY;pl;Urugwaj
UY;sv;Uruguay
UZ;cs;Uzbekistán
UZ;de;Usbekistan
UZ;en;Uzbekistan
UZ;es;Uzbekistán
UZ;fr;Ouzbékistan 
UZ;pl;Uzbekistan
UZ;sv;Uzbekistan
VC;cs;Saint Vincent a Grenadines
VC;de;St. Vincent und die Grenadien
VC;en;Saint Vincent and the Grenadines
VC;es;San Vincente y las Granadinas
VC;fr;Saint-Vincent-et-les-Grenadines 
VC;pl;Saint Vincent i Grenadyny
VC;sv;Saint Vincent och Grenadinerna
VE;cs;Venezuela
VE;de;Venezuela
VE;en;Venezuela
VE;es;Venezuela
VE;fr;Venezuela
VE;pl;Wenezuela
VE;sv;Venezuela
VG;cs;Panenské ostrovy
VG;de; Jungferninseln
VG;en;Virgin Islands
VG;es;Islas Vírgenes
VG;fr;Îles Vierges
VG;pl;Wyspy Dziewicze
VG;sv;Jungfruöarna
VI;cs;Panenské ostrovy (USA)
VI;de;US Jungferninseln
VI;en;US Virgin Islands
VI;es;Islas Vírgenes de los Estados Unidos
VI;fr;Îles Vierges américaines
VI;pl;Wyspy Dziewicze Stanów Zjednoczonych
VI;sv;Amerikanska Jungfruöarna
VN;cs;Vietnam
VN;de;Vietnam
VN;en;Vietnam
VN;es;Vietnam
VN;fr;Viet Nam
VN;pl;Wietnam
VN;sv;Vietnam
VU;cs;Vanuatu
VU;de;Vanuatu
VU;en;Vanuatu
VU;es;Vanuatu
VU;fr;Vanuatu
VU;pl;Vanuatu
VU;sv;Vanuatu
WF;cs;Teritorium ostrovu Wallis a Futuna
WF;de;Wallis und Futuna Inseln
WF;en;Territory of the Wallis and Futuna Islands
WF;es;Territorio de las Islas Wallis y Futuna
WF;fr;Territoire des îles Wallis et Futuna
WF;pl;Wallis i Futuna
WF;sv;Wallis och Futunaöarna
WS;cs;Samoa
WS;de;Samoa
WS;en;Samoa
WS;es;Samoa
WS;fr;Samoa
WS;pl;Samoa
WS;sv;Samoa
YE;cs;Jemen
YE;de;Jemen
YE;en;Yemen
YE;es;Yemen
YE;fr;Yémen
YE;pl;Jemen
YE;sv;Jemen
YT;cs;Mayotte
YT;de;Mayotte
YT;en;Mayotte
YT;es;Mayotte
YT;fr;Mayotte
YT;pl;Majotta
YT;sv;Mayotte
YU;cs;Srbsko a Cerná hora
YU;de;Serbien und Montenegro
YU;en;Serbia and Montenegro
YU;es;Serbia y Montenegro
YU;fr;Serbie-et-Monténégro
YU;pl;Serbia i Czarnogóra
YU;sv;Serbien och Montenegro
ZA;cs;Jižní Afrika
ZA;de;Südafrika
ZA;en;South Africa
ZA;es;Sudáfrica
ZA;fr;Afrique du Sud
ZA;pl;RPA
ZA;sv;Sydafrika
ZM;cs;Zambie
ZM;de;Sambia
ZM;en;Zambia
ZM;es;Zambia
ZM;fr;Zambie
ZM;pl;Zambia
ZM;sv;Zambia
ZW;cs;Zimbabwe
ZW;de;Simbabwe
ZW;en;Zimbabwe
ZW;es;Zimbabue
ZW;fr;Zimbabwé
ZW;pl;Zimbabwe
ZW;sv;Zimbabwe
ZZ;cs;Neznámé
ZZ;de;unbekannt
ZZ;en;Unknown
ZZ;es;Desconocido
ZZ;fr;Inconnu
ZZ;pl;Nieznany
ZZ;sv;Okänd
